{
    "Mn_CM_1x_i": "m:x1:m1:n",
    "Mn_CM_1x_o": "m:x1:m2:n",
    "Mn_CS_4x_a": "m:x2:m1:n",
    "Mn_CS_4x_b": "m:x3:m1:n",
    "Mn_DP_1x_a": "m:x4:m1:n",
    "Mn_DP_1x_b": "m:x5:m1:n",
    "Mn_DP_4x_a": "m:x6:m1:n",
    "Mn_DP_4x_b": "m:x7:m1:n",
    "Mn_CMa_i": "m:x8:m1:n",
    "Mn_CMa_o_1x": "m:x8:m2:n",
    "Mn_CMa_o_2x": "m:x8:m3:n",
    "Mn_CMa_o_4x": "m:x8:m4:n",
    "Mn_CMa_o_8x": "m:x8:m5:n",
    "Mn_CMa_o_16x": "m:x8:m6:n",
    "Mn_CMa_o_32x": "m:x8:m7:n",
    "Mp_CS_4x_a": "m:x9:m1:p",
    "Mp_CS_4x_b": "m:x10:m1:p",
    "Mp_CM_1x_i": "m:x11:m1:p",
    "Mp_CM_1x_o": "m:x11:m2:p",
    "Mp_CMa_i": "m:x12:m1:p",
    "Mp_CMa_o_1x": "m:x12:m2:p",
    "Mp_CMa_o_2x": "m:x12:m3:p",
    "Mp_CMa_o_4x": "m:x12:m4:p",
    "Mp_CMa_o_8x": "m:x12:m5:p",
    "Mp_CMa_o_16x": "m:x12:m6:p",
    "Mp_DP_4x_a": "m:x13:m1:p",
    "Mp_DP_4x_b": "m:x14:m1:p",
    "Mp_DP_1x_a": "m:x15:m1:p",
    "Mp_DP_1x_b": "m:x16:m1:p",
    "Mn_Inv_16x_a": "m:x17:m1:n",
    "Mp_Inv_16x_a": "m:x17:m2:p",
    "Mn_Inv_16x_b": "m:x18:m1:n",
    "Mp_Inv_16x_b": "m:x18:m2:p",
    "Mn_OTAn_M1": "m:x19:m1:n",
    "Mn_OTAn_M2": "m:x19:m2:n",
    "Mn_OTAn_M3": "m:x19:m3:n",
    "Mp_OTAn_M4": "m:x19:m4:p",
    "Mp_OTAn_M5": "m:x19:m5:p",
    "Mp_OTAp_M1": "m:x20:m1:p",
    "Mp_OTAp_M2": "m:x20:m2:p",
    "Mp_OTAp_M3": "m:x20:m3:p",
    "Mn_OTAp_M4": "m:x20:m4:n",
    "Mn_OTAp_M5": "m:x20:m5:n"
}
